MovieID,Titles,avg(Rating)
53,Lamerica (1994),4.75
50,"Usual Suspects, The (1995)",4.517106001121705
1,Toy Story (1995),4.146846413095811
47,Seven (Se7en) (1995),4.106420404573439
58,"Postino, Il (The Postman) (1994)",4.093812375249501
29,"City of Lost Children, The (1995)",4.062034739454094
28,Persuasion (1995),4.055865921787709
17,Sense and Sensibility (1995),4.027544910179641
41,Richard III (1995),3.958677685950413
36,Dead Man Walking (1995),3.9579741379310347
