MovieID,Titles,avg(Rating)
53,Lamerica (1994),4.75
50,"Usual Suspects, The (1995)",4.525898842169409
96,In the Bleak Midwinter (1995),4.2
1,Toy Story (1995),4.146924250127097
47,Seven (Se7en) (1995),4.110330992978937
58,"Postino, Il (The Postman) (1994)",4.098684210526316
28,Persuasion (1995),4.096153846153846
29,"City of Lost Children, The (1995)",4.058171745152355
17,Sense and Sensibility (1995),4.024901703800786
41,Richard III (1995),3.990990990990991
